Prénom,Nom,Numéro de téléphone,Sports pratiqués,Jours disponibles,Niveau
Lucas,Moreau,+33639980001,Football,Lundi;Mercredi;Vendredi,Intermédiaire
Emma,Leroy,+33639980002,Tennis,Mardi;Jeudi,Débutant
Hugo,Martin,+33639980003,Basket-ball,Lundi;Mardi;Jeudi,Avancé
Chloé,Garcia,+33639980004,Natation,Mercredi;Samedi,Intermédiaire
Louis,Roux,+33639980005,Rugby,Mardi;Vendredi,Avancé
Léa,Fontaine,+33639980006,Danse,Jeudi;Samedi,Débutant
Gabriel,Petit,+33639980007,Course à pied,Lundi;Mercredi;Dimanche,Intermédiaire
Manon,Blanc,+33639980008,Volley-ball,Mardi;Jeudi,Intermédiaire
Arthur,Lopez,+33639980009,Escalade,Samedi;Dimanche,Débutant
Camille,Fournier,+33639980010,Yoga,Lundi;Vendredi,Avancé
Nathan,Morel,+33639980011,Football,Mercredi;Vendredi,Intermédiaire
Sarah,Andre,+33639980012,Pilates,Mardi;Jeudi,Débutant
Jules,Robin,+33639980013,Tennis,Lundi;Samedi,Avancé
Inès,Chevalier,+33639980014,Natation,Mardi;Vendredi,Intermédiaire
Tom,Faure,+33639980015,Basket-ball,Mercredi;Dimanche,Débutant
Zoé,Barbier,+33639980016,Danse,Lundi;Jeudi,Intermédiaire
Ethan,Arnaud,+33639980017,Rugby,Mardi;Samedi,Avancé
Julie,Renard,+33639980018,Course à pied,Mercredi;Vendredi,Débutant
Noah,Marchand,+33639980019,Escalade,Jeudi;Dimanche,Intermédiaire
Clara,Guillot,+33639980020,Yoga,Lundi;Mercredi,Avancé
Mathis,Hubert,+33639980021,Football,Mardi;Jeudi,Débutant
Anna,Perrot,+33639980022,Tennis,Mercredi;Samedi,Intermédiaire
Sacha,Colin,+33639980023,Natation,Lundi;Vendredi,Avancé
Eva,Masson,+33639980024,Volley-ball,Mardi;Dimanche,Débutant
Léo,Robert,+33639980025,Basket-ball,Jeudi;Samedi,Intermédiaire
Mila,Carpentier,+33639980026,Danse,Lundi;Mercredi,Avancé
Enzo,Schmitt,+33639980027,Rugby,Mardi;Vendredi,Débutant
Ambre,Weber,+33639980028,Course à pied,Jeudi;Dimanche,Intermédiaire
Paul,Maillard,+33639980029,Escalade,Samedi;Dimanche,Avancé
Jade,Poulain,+33639980030,Yoga,Mardi;Vendredi,Débutant
Axel,Descamps,+33639980031,Football,Lundi;Jeudi,Intermédiaire
Lina,Leclerc,+33639980032,Tennis,Mercredi;Samedi,Avancé
Baptiste,Schneider,+33639980033,Natation,Mardi;Vendredi,Débutant
Nina,Adam,+33639980034,Volley-ball,Jeudi;Dimanche,Intermédiaire
Timéo,Paris,+33639980035,Basket-ball,Lundi;Mercredi,Avancé
Maëlys,Michel,+33639980036,Danse,Mardi;Samedi,Débutant
Rayan,Charpentier,+33639980037,Rugby,Mercredi;Vendredi,Intermédiaire
Elena,Pierre,+33639980038,Course à pied,Lundi;Dimanche,Avancé
Kylian,Benoit,+33639980039,Escalade,Mardi;Jeudi,Débutant
Alicia,Meyer,+33639980040,Yoga,Mercredi;Samedi,Intermédiaire
Théo,Lucas,+33639980041,Football,Jeudi;Dimanche,Avancé
Margot,Rolland,+33639980042,Tennis,Lundi;Vendredi,Débutant
Ilan,Guichard,+33639980043,Natation,Mardi;Samedi,Intermédiaire
Romane,Brun,+33639980044,Volley-ball,Mercredi;Dimanche,Avancé
Evan,Lemoine,+33639980045,Basket-ball,Lundi;Jeudi,Débutant
Ava,Renaud,+33639980046,Danse,Mardi;Vendredi,Intermédiaire
Noé,Jacquet,+33639980047,Rugby,Mercredi;Samedi,Avancé
Salomé,Collet,+33639980048,Course à pied,Lundi;Dimanche,Débutant
Maël,Prevost,+33639980049,Escalade,Mardi;Jeudi,Intermédiaire
Louna,Millet,+33639980050,Yoga,Mercredi;Vendredi,Avancé
Yanis,Da Silva,+33639980051,Football,Jeudi;Samedi,Débutant
Iris,Payet,+33639980052,Tennis,Lundi;Mercredi,Intermédiaire
Gabin,Hebert,+33639980053,Natation,Mardi;Vendredi,Avancé
Charlie,Boucher,+33639980054,Volley-ball,Jeudi;Dimanche,Débutant
Soline,Rey,+33639980055,Basket-ball,Lundi;Samedi,Intermédiaire
Nolan,Allard,+33639980056,Danse,Mardi;Vendredi,Avancé
Apolline,Charrier,+33639980057,Rugby,Mercredi;Dimanche,Débutant
Liam,Pires,+33639980058,Course à pied,Lundi;Jeudi,Intermédiaire
Maya,Navarro,+33639980059,Escalade,Mardi;Samedi,Avancé
Oscar,Lejeune,+33639980060,Yoga,Mercredi;Vendredi,Débutant
Elisa,Hoarau,+33639980061,Football,Jeudi;Dimanche,Intermédiaire
Raphaël,Delorme,+33639980062,Tennis,Lundi;Samedi,Avancé
Amandine,Teixeira,+33639980063,Natation,Mardi;Vendredi,Débutant
Corentin,Marin,+33639980064,Volley-ball,Mercredi;Dimanche,Intermédiaire
Lila,Hoareau,+33639980065,Basket-ball,Lundi;Jeudi,Avancé
Matéo,Legrand,+33639980066,Danse,Mardi;Samedi,Débutant
Oceane,Barre,+33639980067,Rugby,Mercredi;Vendredi,Intermédiaire
Tristan,Antoine,+33639980068,Course à pied,Lundi;Dimanche,Avancé
Ayla,Hardy,+33639980069,Escalade,Mardi;Jeudi,Débutant
Swan,Marques,+33639980070,Yoga,Mercredi;Samedi,Intermédiaire
Loris,Hoang,+33639980071,Football,Jeudi;Samedi,Avancé
Mélina,Carre,+33639980072,Tennis,Lundi;Vendredi,Débutant
Eliott,Legros,+33639980073,Natation,Mardi;Samedi,Intermédiaire
Thaïs,Valentin,+33639980074,Volley-ball,Mercredi;Dimanche,Avancé
Robin,Albert,+33639980075,Basket-ball,Lundi;Jeudi,Débutant
Aurore,Nguyen,+33639980076,Danse,Mardi;Vendredi,Intermédiaire
Sami,Paul,+33639980077,Rugby,Mercredi;Samedi,Avancé
Mélodie,Baron,+33639980078,Course à pied,Lundi;Dimanche,Débutant
César,Martinez,+33639980079,Escalade,Mardi;Jeudi,Intermédiaire
Anaëlle,Picard,+33639980080,Yoga,Mercredi;Vendredi,Avancé
Dorian,Gaillard,+33639980081,Football,Jeudi;Dimanche,Débutant
Tessa,Armand,+33639980082,Tennis,Lundi;Samedi,Intermédiaire
Yohan,Renault,+33639980083,Natation,Mardi;Vendredi,Avancé
Léonie,Pasquier,+33639980084,Volley-ball,Mercredi;Dimanche,Débutant
Célian,Pauline,+33639980085,Basket-ball,Lundi;Jeudi,Intermédiaire
Morgane,Techer,+33639980086,Danse,Mardi;Samedi,Avancé
